filename,split
mz_103.168-14d18.jpg,train
mz_248.841-14d6.jpg,train
mz_144.98-14d18.jpg,train
mz_103.289-14d6.jpg,train
mz_100.98-14d15.jpg,train
mz_823.147-14d12.jpg,train
mz_262.029-14d6.jpg,train
mz_147.046-14d9.jpg,train
mz_167.101-14d15.jpg,train
mz_236.99-14d6.jpg,train
mz_276.979-14d6.jpg,train
mz_114.958-14d18.jpg,train
mz_113.256-14d6.jpg,train
mz_234.985-14d6.jpg,train
mz_231.946-14d18.jpg,train
mz_255.222-14d9.jpg,train
mz_234.012-14d6.jpg,train
mz_126.93-14d9.jpg,train
mz_284.029-14d12.jpg,train
mz_180.957-14d15.jpg,train
mz_199.007-14d6.jpg,train
mz_231.034-14d18.jpg,train
mz_292.962-14d12.jpg,train
mz_293.995-14d12.jpg,train
mz_249.996-14d18.jpg,train
mz_329.001-14d18.jpg,train
mz_175.974-14d12.jpg,train
mz_96.969-14d6.jpg,train
mz_159.99-14d9.jpg,train
mz_273.029-14d12.jpg,train
mz_232.067-14d18.jpg,train
mz_296.001-14d18.jpg,train
mz_151.969-14d6.jpg,train
mz_279.167-14d12.jpg,train
mz_126.869-14d6.jpg,train
mz_165.035-14d18.jpg,train
mz_197.062-14d18.jpg,train
mz_256.134-14d12.jpg,train
mz_577.077-14d12.jpg,train
mz_216.935-14d6.jpg,train
mz_190.985-14d6.jpg,train
mz_172.084-14d15.jpg,train
mz_113.074-14d12.jpg,train
mz_273.029-14d9.jpg,train
mz_125.046-14d15.jpg,train
mz_291.017-14d18.jpg,train
mz_171.294-14d12.jpg,train
mz_174.029-14d9.jpg,train
mz_115.018-14d6.jpg,train
mz_182.963-14d12.jpg,train
mz_166.007-14d12.jpg,train
mz_87.002-14d6.jpg,train
mz_118.969-14d15.jpg,train
mz_662.22-14d12.jpg,train
mz_124.985-14d9.jpg,train
mz_249.023-14d6.jpg,train
mz_208.974-14d9.jpg,train
mz_197.062-14d6.jpg,train
mz_173.178-14d6.jpg,train
mz_157.985-14d18.jpg,train
mz_236.99-14d9.jpg,train
mz_157.013-14d15.jpg,train
mz_83.963-14d6.jpg,train
mz_236.99-14d15.jpg,train
mz_204.963-14d12.jpg,train
mz_235.957-14d15.jpg,train
mz_188.007-14d15.jpg,train
mz_146.985-14d12.jpg,train
mz_196.941-14d9.jpg,train
mz_145.101-14d15.jpg,train
mz_159.018-14d15.jpg,train
mz_140.969-14d12.jpg,train
mz_140.969-14d6.jpg,train
mz_199.068-14d9.jpg,train
mz_203.018-14d18.jpg,train
mz_87.063-14d15.jpg,train
mz_149.963-14d6.jpg,train
mz_740.131-14d9.jpg,train
mz_606.126-14d15.jpg,train
mz_176.035-14d9.jpg,train
mz_221.007-14d9.jpg,train
mz_102.985-14d18.jpg,train
mz_247.99-14d15.jpg,train
mz_169.046-14d15.jpg,train
mz_247.018-14d15.jpg,train
mz_172.996-14d18.jpg,train
mz_242.946-14d15.jpg,train
mz_161.024-14d9.jpg,train
mz_183.084-14d12.jpg,train
mz_216.996-14d6.jpg,train
mz_262.029-14d18.jpg,train
mz_187.035-14d6.jpg,train
mz_823.208-14d9.jpg,train
mz_113.985-14d15.jpg,train
mz_135.013-14d12.jpg,train
mz_181.018-14d18.jpg,train
mz_232.007-14d9.jpg,train
mz_98.974-14d15.jpg,train
mz_264.034-14d6.jpg,train
mz_133.007-14d18.jpg,train
mz_251.029-14d9.jpg,train
mz_171.051-14d6.jpg,train
mz_824.241-14d9.jpg,train
mz_172.084-14d6.jpg,train
mz_187.156-14d9.jpg,train
mz_233.04-14d12.jpg,train
mz_96.969-14d15.jpg,train
mz_113.195-14d12.jpg,train
mz_157.073-14d6.jpg,train
mz_278.012-14d18.jpg,train
mz_173.786-14d15.jpg,train
mz_188.007-14d12.jpg,train
mz_126.869-14d15.jpg,train
mz_113.134-14d6.jpg,train
mz_105.416-14d15.jpg,train
mz_243.067-14d9.jpg,train
mz_295.029-14d18.jpg,train
mz_166.979-14d18.jpg,train
mz_126.93-14d18.jpg,train
mz_113.377-14d12.jpg,train
mz_145.04-14d18.jpg,train
mz_279.167-14d6.jpg,train
mz_187.217-14d12.jpg,train
mz_197.062-14d9.jpg,train
mz_136.958-14d12.jpg,train
mz_189.952-14d15.jpg,train
mz_161.024-14d12.jpg,train
mz_190.012-14d12.jpg,train
mz_231.946-14d12.jpg,train
mz_115.079-14d6.jpg,train
mz_258.018-14d15.jpg,train
mz_115.018-14d12.jpg,train
mz_248.962-14d15.jpg,train
mz_232.128-14d18.jpg,train
mz_103.289-14d15.jpg,train
mz_124.985-14d12.jpg,train
mz_153.002-14d9.jpg,train
mz_211.04-14d18.jpg,train
mz_221.007-14d6.jpg,train
mz_232.007-14d18.jpg,train
mz_122.007-14d18.jpg,train
mz_157.013-14d9.jpg,train
mz_256.194-14d12.jpg,train
mz_98.974-14d9.jpg,train
mz_208.974-14d18.jpg,train
mz_248.902-14d18.jpg,train
mz_739.037-14d15.jpg,train
mz_205.023-14d9.jpg,train
mz_189.952-14d6.jpg,train
mz_311.194-14d9.jpg,train
mz_98.974-14d18.jpg,train
mz_295.029-14d9.jpg,train
mz_172.084-14d9.jpg,train
mz_181.018-14d6.jpg,train
mz_84.996-14d18.jpg,train
mz_255.951-14d6.jpg,train
mz_133.007-14d9.jpg,train
mz_115.079-14d9.jpg,train
mz_236.99-14d12.jpg,train
mz_113.499-14d6.jpg,train
mz_173.057-14d18.jpg,train
mz_283.178-14d9.jpg,train
mz_172.024-14d6.jpg,train
mz_199.007-14d9.jpg,train
mz_310.951-14d15.jpg,train
mz_173.057-14d6.jpg,train
mz_187.095-14d6.jpg,train
mz_143.035-14d12.jpg,train
mz_178.952-14d6.jpg,train
mz_311.984-14d18.jpg,train
mz_293.144-14d9.jpg,train
mz_172.024-14d15.jpg,train
mz_173.057-14d15.jpg,train
mz_188.979-14d18.jpg,train
mz_279.167-14d9.jpg,train
mz_113.074-14d18.jpg,train
mz_315.023-14d9.jpg,train
mz_186.001-14d18.jpg,train
mz_284.029-14d15.jpg,train
mz_150.996-14d9.jpg,train
mz_167.952-14d15.jpg,train
mz_87.063-14d6.jpg,train
mz_113.074-14d15.jpg,train
mz_113.013-14d12.jpg,train
mz_113.195-14d18.jpg,train
mz_739.037-14d6.jpg,train
mz_311.133-14d18.jpg,train
mz_160.051-14d18.jpg,train
mz_166.979-14d15.jpg,train
mz_249.023-14d12.jpg,train
mz_163.029-14d6.jpg,train
mz_296.122-14d9.jpg,train
mz_606.187-14d9.jpg,train
mz_202.957-14d12.jpg,train
mz_379.017-14d12.jpg,train
mz_169.107-14d9.jpg,train
mz_171.294-14d6.jpg,train
mz_113.438-14d12.jpg,train
mz_292.962-14d6.jpg,train
mz_190.012-14d18.jpg,train
mz_194.996-14d6.jpg,train
mz_199.007-14d12.jpg,train
mz_188.007-14d9.jpg,train
mz_165.946-14d15.jpg,train
mz_103.228-14d18.jpg,train
mz_167.04-14d12.jpg,train
mz_183.024-14d15.jpg,train
mz_140.969-14d18.jpg,train
mz_273.029-14d18.jpg,train
mz_148.991-14d18.jpg,train
mz_739.098-14d9.jpg,train
mz_120.974-14d18.jpg,train
mz_187.217-14d6.jpg,train
mz_295.94-14d15.jpg,train
mz_153.062-14d9.jpg,train
mz_103.411-14d6.jpg,train
mz_260.995-14d9.jpg,train
mz_85.969-14d6.jpg,train
mz_145.04-14d15.jpg,train
mz_153.002-14d15.jpg,train
mz_157.073-14d18.jpg,train
mz_187.095-14d18.jpg,train
mz_247.99-14d6.jpg,train
mz_311.073-14d6.jpg,train
mz_148.991-14d6.jpg,train
mz_310.951-14d6.jpg,train
mz_159.018-14d18.jpg,train
mz_220.946-14d6.jpg,train
mz_140.969-14d15.jpg,train
mz_161.996-14d12.jpg,train
mz_338.967-14d15.jpg,train
mz_155.068-14d15.jpg,train
mz_192.99-14d12.jpg,train
mz_254.979-14d18.jpg,train
mz_329.001-14d9.jpg,train
mz_291.017-14d9.jpg,train
mz_238.996-14d15.jpg,train
mz_231.034-14d6.jpg,train
mz_221.007-14d18.jpg,train
mz_255.161-14d12.jpg,train
mz_278.012-14d9.jpg,train
mz_133.98-14d6.jpg,train
mz_363.034-14d9.jpg,train
mz_823.208-14d12.jpg,train
mz_238.996-14d9.jpg,train
mz_311.073-14d15.jpg,train
mz_263.062-14d12.jpg,train
mz_309.128-14d9.jpg,train
mz_106.085-14d15.jpg,train
mz_112.952-14d9.jpg,train
mz_233.04-14d9.jpg,train
mz_255.101-14d15.jpg,train
mz_329.001-14d12.jpg,train
mz_120.002-14d18.jpg,train
mz_242.946-14d6.jpg,train
mz_170.99-14d12.jpg,train
mz_115.079-14d15.jpg,train
mz_126.991-14d9.jpg,train
mz_739.098-14d12.jpg,train
mz_190.985-14d12.jpg,train
mz_294.968-14d9.jpg,train
mz_175.062-14d9.jpg,train
mz_824.12-14d6.jpg,train
mz_155.068-14d6.jpg,train
mz_280.99-14d12.jpg,train
mz_157.013-14d18.jpg,train
mz_207.029-14d9.jpg,train
mz_232.067-14d15.jpg,train
mz_249.023-14d15.jpg,train
mz_196.941-14d12.jpg,train
mz_186.974-14d15.jpg,train
mz_175.062-14d18.jpg,train
mz_165.946-14d12.jpg,train
mz_225.018-14d15.jpg,train
mz_256.134-14d18.jpg,train
mz_127.052-14d18.jpg,train
mz_232.128-14d9.jpg,train
mz_233.101-14d18.jpg,train
mz_137.991-14d18.jpg,train
mz_165.035-14d9.jpg,train
mz_119.029-14d9.jpg,train
mz_606.126-14d6.jpg,train
mz_248.962-14d6.jpg,train
mz_161.996-14d18.jpg,train
mz_113.013-14d9.jpg,train
mz_103.107-14d18.jpg,train
mz_227.084-14d9.jpg,train
mz_284.15-14d18.jpg,train
mz_261.968-14d12.jpg,train
mz_138.963-14d15.jpg,train
mz_175.001-14d15.jpg,train
mz_138.963-14d18.jpg,train
mz_439.061-14d9.jpg,train
mz_260.023-14d18.jpg,train
mz_187.035-14d18.jpg,train
mz_197.123-14d9.jpg,train
mz_197.123-14d15.jpg,train
mz_87.002-14d15.jpg,train
mz_148.991-14d9.jpg,train
mz_216.996-14d18.jpg,train
mz_204.963-14d15.jpg,train
mz_167.04-14d18.jpg,train
mz_326.995-14d9.jpg,train
mz_98.974-14d6.jpg,train
mz_233.101-14d12.jpg,train
mz_315.023-14d12.jpg,train
mz_113.074-14d9.jpg,train
mz_171.112-14d18.jpg,train
mz_263.001-14d9.jpg,train
mz_171.051-14d18.jpg,train
mz_133.007-14d12.jpg,train
mz_173.968-14d12.jpg,train
mz_740.01-14d6.jpg,train
mz_262.029-14d9.jpg,train
mz_103.107-14d12.jpg,train
mz_263.062-14d9.jpg,train
mz_294.117-14d12.jpg,train
mz_233.04-14d15.jpg,train
mz_165.946-14d6.jpg,train
mz_232.067-14d9.jpg,train
mz_622.11-14d6.jpg,train
mz_436.995-14d12.jpg,train
mz_231.034-14d15.jpg,train
mz_103.046-14d6.jpg,train
mz_296.122-14d12.jpg,train
mz_265.007-14d18.jpg,train
mz_171.173-14d18.jpg,train
mz_115.018-14d9.jpg,train
mz_247.078-14d18.jpg,train
mz_113.195-14d9.jpg,train
mz_231.034-14d9.jpg,train
mz_115.444-14d15.jpg,train
mz_167.04-14d9.jpg,train
mz_137.991-14d12.jpg,train
mz_172.874-14d15.jpg,train
mz_161.024-14d15.jpg,train
mz_327.967-14d18.jpg,train
mz_823.147-14d6.jpg,train
mz_147.046-14d6.jpg,train
mz_206.968-14d15.jpg,train
mz_294.968-14d15.jpg,train
mz_163.029-14d9.jpg,train
mz_187.035-14d12.jpg,train
mz_83.963-14d15.jpg,train
mz_113.377-14d15.jpg,train
mz_115.14-14d12.jpg,train
mz_171.234-14d12.jpg,train
mz_278.984-14d15.jpg,train
mz_103.35-14d15.jpg,train
mz_327.967-14d12.jpg,train
mz_159.99-14d15.jpg,train
mz_104.079-14d6.jpg,train
mz_234.012-14d15.jpg,train
mz_280.017-14d12.jpg,train
mz_311.133-14d15.jpg,train
mz_183.084-14d15.jpg,train
mz_276.979-14d15.jpg,train
mz_102.985-14d12.jpg,train
mz_295.089-14d15.jpg,train
mz_187.035-14d9.jpg,train
mz_283.178-14d18.jpg,train
mz_131.002-14d18.jpg,train
mz_184.968-14d15.jpg,train
mz_199.068-14d12.jpg,train
mz_260.995-14d18.jpg,train
mz_172.996-14d12.jpg,train
mz_280.017-14d18.jpg,train
mz_405.028-14d12.jpg,train
mz_87.002-14d18.jpg,train
mz_174.029-14d12.jpg,train
mz_175.001-14d18.jpg,train
mz_103.046-14d15.jpg,train
mz_83.963-14d9.jpg,train
mz_87.002-14d9.jpg,train
mz_264.034-14d9.jpg,train
mz_234.073-14d18.jpg,train
mz_278.984-14d18.jpg,train
mz_103.593-14d15.jpg,train
mz_149.051-14d9.jpg,train
mz_161.996-14d15.jpg,train
mz_197.913-14d15.jpg,train
mz_100.98-14d6.jpg,train
mz_606.248-14d9.jpg,train
mz_166.979-14d12.jpg,train
mz_159.99-14d18.jpg,train
mz_824.12-14d15.jpg,train
mz_276.979-14d18.jpg,train
mz_436.995-14d6.jpg,train
mz_177.007-14d6.jpg,train
mz_263.062-14d6.jpg,train
mz_84.996-14d15.jpg,train
mz_148.018-14d9.jpg,train
mz_452.978-14d12.jpg,train
mz_255.101-14d6.jpg,train
mz_146.985-14d18.jpg,train
mz_221.007-14d15.jpg,train
mz_221.979-14d18.jpg,train
mz_84.024-14d18.jpg,train
mz_221.007-14d12.jpg,train
mz_189.101-14d15.jpg,train
mz_170.99-14d15.jpg,train
mz_157.013-14d12.jpg,train
mz_186.974-14d6.jpg,train
mz_293.144-14d6.jpg,train
mz_126.869-14d9.jpg,train
mz_103.168-14d15.jpg,train
mz_187.339-14d6.jpg,train
mz_264.034-14d18.jpg,train
mz_183.024-14d6.jpg,train
mz_226.902-14d18.jpg,train
mz_281.111-14d15.jpg,train
mz_157.073-14d15.jpg,train
mz_162.968-14d18.jpg,train
mz_294.968-14d12.jpg,train
mz_189.04-14d9.jpg,train
mz_232.979-14d9.jpg,train
mz_203.99-14d9.jpg,train
mz_186.974-14d18.jpg,train
mz_190.985-14d9.jpg,train
mz_283.117-14d6.jpg,train
mz_311.012-14d12.jpg,train
mz_131.002-14d15.jpg,train
mz_280.139-14d12.jpg,train
mz_113.013-14d15.jpg,train
mz_99.035-14d9.jpg,train
mz_171.234-14d6.jpg,train
mz_225.018-14d12.jpg,train
mz_173.118-14d6.jpg,train
mz_227.023-14d15.jpg,train
mz_256.134-14d9.jpg,train
mz_164.974-14d18.jpg,train
mz_169.046-14d6.jpg,train
mz_397.006-14d12.jpg,train
mz_273.029-14d6.jpg,train
mz_225.018-14d6.jpg,train
mz_294.968-14d6.jpg,train
mz_262.029-14d12.jpg,train
mz_158.046-14d15.jpg,train
mz_296.001-14d12.jpg,train
mz_577.198-14d12.jpg,train
mz_307.001-14d12.jpg,train
mz_247.018-14d18.jpg,train
mz_87.002-14d12.jpg,train
mz_188.979-14d15.jpg,train
mz_222.952-14d15.jpg,train
mz_255.161-14d18.jpg,train
mz_126.869-14d12.jpg,train
mz_233.04-14d6.jpg,train
mz_181.018-14d9.jpg,train
mz_177.007-14d12.jpg,train
mz_290.957-14d15.jpg,train
mz_175.062-14d15.jpg,train
mz_169.046-14d18.jpg,train
mz_103.532-14d6.jpg,train
mz_159.079-14d18.jpg,train
mz_233.04-14d18.jpg,train
mz_171.051-14d12.jpg,train
mz_169.107-14d6.jpg,train
mz_113.256-14d9.jpg,train
mz_120.974-14d15.jpg,train
mz_190.012-14d9.jpg,train
mz_265.007-14d12.jpg,train
mz_188.979-14d9.jpg,train
mz_158.046-14d18.jpg,train
mz_103.107-14d15.jpg,train
mz_171.294-14d15.jpg,train
mz_255.161-14d15.jpg,train
mz_113.134-14d18.jpg,train
mz_195.907-14d15.jpg,train
mz_277.04-14d18.jpg,train
mz_178.952-14d12.jpg,train
mz_147.046-14d18.jpg,train
mz_823.208-14d6.jpg,train
mz_206.968-14d6.jpg,train
mz_171.051-14d15.jpg,train
mz_311.012-14d9.jpg,train
mz_194.996-14d18.jpg,train
mz_255.101-14d12.jpg,train
mz_121.096-14d18.jpg,train
mz_277.951-14d6.jpg,train
mz_265.007-14d6.jpg,train
mz_158.957-14d6.jpg,train
mz_284.15-14d12.jpg,train
mz_192.99-14d9.jpg,train
mz_173.968-14d15.jpg,train
mz_188.007-14d18.jpg,train
mz_225.018-14d18.jpg,train
mz_199.068-14d6.jpg,train
mz_121.035-14d15.jpg,train
mz_160.963-14d15.jpg,train
mz_214.99-14d12.jpg,train
mz_276.979-14d12.jpg,train
mz_158.046-14d9.jpg,train
mz_157.073-14d9.jpg,train
mz_247.018-14d9.jpg,train
mz_121.096-14d9.jpg,train
mz_157.985-14d15.jpg,train
mz_263.001-14d15.jpg,train
mz_183.084-14d6.jpg,train
mz_238.996-14d18.jpg,train
mz_157.073-14d12.jpg,train
mz_171.173-14d15.jpg,train
mz_231.946-14d15.jpg,train
mz_176.946-14d15.jpg,train
mz_284.089-14d18.jpg,train
mz_148.991-14d15.jpg,train
mz_119.029-14d6.jpg,train
mz_117.024-14d15.jpg,train
mz_195.907-14d6.jpg,train
mz_186.974-14d12.jpg,train
mz_261.056-14d12.jpg,train
mz_248.962-14d9.jpg,train
mz_173.968-14d6.jpg,train
mz_312.957-14d6.jpg,train
mz_311.133-14d12.jpg,train
mz_137.991-14d9.jpg,train
mz_171.112-14d12.jpg,train
mz_152.941-14d15.jpg,train
mz_179.012-14d18.jpg,train
mz_278.984-14d9.jpg,train
mz_182.963-14d18.jpg,train
mz_135.013-14d15.jpg,train
mz_211.04-14d12.jpg,train
mz_263.062-14d18.jpg,train
mz_150.996-14d6.jpg,train
mz_103.107-14d6.jpg,train
mz_823.269-14d9.jpg,train
mz_172.024-14d12.jpg,train
mz_296.973-14d6.jpg,train
mz_171.477-14d6.jpg,train
mz_220.946-14d12.jpg,train
mz_145.04-14d9.jpg,train
mz_143.035-14d6.jpg,train
mz_126.869-14d18.jpg,train
mz_133.007-14d15.jpg,train
mz_195.968-14d18.jpg,train
mz_115.079-14d18.jpg,train
mz_136.958-14d6.jpg,train
mz_172.084-14d18.jpg,train
mz_103.654-14d15.jpg,train
mz_232.007-14d6.jpg,train
mz_126.93-14d6.jpg,train
mz_99.035-14d6.jpg,train
mz_200.952-14d6.jpg,train
mz_202.957-14d18.jpg,train
mz_293.084-14d6.jpg,train
mz_255.222-14d12.jpg,train
mz_606.187-14d18.jpg,train
mz_265.007-14d9.jpg,train
mz_82.991-14d18.jpg,train
mz_247.018-14d6.jpg,train
mz_295.211-14d9.jpg,train
mz_162.968-14d9.jpg,train
mz_245.012-14d18.jpg,train
mz_311.012-14d18.jpg,train
mz_160.051-14d9.jpg,train
mz_823.147-14d15.jpg,train
mz_149.963-14d15.jpg,train
mz_212.985-14d15.jpg,train
mz_202.957-14d9.jpg,train
mz_113.195-14d6.jpg,train
mz_277.1-14d6.jpg,train
mz_278.984-14d6.jpg,train
mz_249.023-14d18.jpg,train
mz_739.219-14d18.jpg,train
mz_171.963-14d15.jpg,train
mz_114.958-14d15.jpg,train
mz_187.035-14d15.jpg,train
mz_132.946-14d15.jpg,train
mz_248.962-14d12.jpg,train
mz_189.04-14d12.jpg,train
mz_216.996-14d9.jpg,train
mz_264.034-14d12.jpg,train
mz_135.013-14d6.jpg,train
mz_157.985-14d6.jpg,train
mz_170.99-14d9.jpg,train
mz_182.963-14d9.jpg,train
mz_103.046-14d9.jpg,train
mz_175.974-14d6.jpg,train
mz_175.001-14d6.jpg,train
mz_281.172-14d12.jpg,train
mz_281.172-14d6.jpg,train
mz_99.035-14d15.jpg,train
mz_296.001-14d9.jpg,train
mz_173.057-14d12.jpg,train
mz_328.94-14d6.jpg,train
mz_740.01-14d15.jpg,train
mz_99.096-14d9.jpg,train
mz_181.018-14d12.jpg,train
mz_171.112-14d9.jpg,train
mz_164.974-14d15.jpg,train
mz_109.123-14d15.jpg,train
mz_606.187-14d12.jpg,train
mz_197.062-14d15.jpg,train
mz_137.018-14d18.jpg,train
mz_135.013-14d18.jpg,train
mz_179.012-14d9.jpg,train
mz_164.974-14d9.jpg,train
mz_234.985-14d18.jpg,train
mz_166.007-14d18.jpg,train
mz_138.963-14d6.jpg,train
mz_293.995-14d9.jpg,train
mz_231.946-14d9.jpg,train
mz_137.018-14d6.jpg,train
mz_295.089-14d6.jpg,train
mz_121.035-14d18.jpg,train
mz_187.278-14d15.jpg,train
mz_232.007-14d15.jpg,train
mz_739.037-14d12.jpg,train
mz_190.985-14d15.jpg,train
mz_203.018-14d12.jpg,train
mz_249.023-14d9.jpg,train
mz_158.046-14d6.jpg,train
mz_115.018-14d18.jpg,train
mz_194.996-14d12.jpg,train
mz_133.007-14d6.jpg,train
mz_227.023-14d6.jpg,train
mz_739.159-14d12.jpg,train
mz_277.951-14d15.jpg,train
mz_170.99-14d6.jpg,train
mz_85.969-14d18.jpg,train
mz_297.095-14d6.jpg,train
mz_161.024-14d18.jpg,train
mz_126.93-14d15.jpg,train
mz_176.035-14d18.jpg,train
mz_115.079-14d12.jpg,train
mz_152.941-14d6.jpg,train
mz_211.101-14d9.jpg,train
mz_120.974-14d12.jpg,train
mz_171.173-14d6.jpg,train
mz_133.98-14d18.jpg,train
mz_163.029-14d18.jpg,train
mz_279.045-14d9.jpg,train
mz_247.078-14d12.jpg,train
mz_295.089-14d12.jpg,train
mz_99.035-14d12.jpg,train
mz_152.941-14d12.jpg,train
mz_197.062-14d12.jpg,train
mz_739.159-14d9.jpg,train
mz_113.013-14d6.jpg,train
mz_145.04-14d12.jpg,train
mz_141.029-14d6.jpg,train
mz_177.007-14d9.jpg,train
mz_251.029-14d18.jpg,train
mz_263.001-14d6.jpg,train
mz_153.002-14d18.jpg,train
mz_293.144-14d18.jpg,train
mz_293.023-14d9.jpg,train
mz_824.18-14d12.jpg,train
mz_622.11-14d15.jpg,train
mz_206.968-14d12.jpg,train
mz_234.073-14d9.jpg,train
mz_293.144-14d12.jpg,train
mz_120.974-14d9.jpg,train
mz_180.957-14d18.jpg,train
mz_159.14-14d15.jpg,train
mz_219.001-14d18.jpg,train
mz_180.957-14d9.jpg,train
mz_187.946-14d15.jpg,train
mz_241.001-14d18.jpg,train
mz_113.985-14d9.jpg,train
mz_166.979-14d6.jpg,train
mz_102.985-14d15.jpg,train
mz_136.958-14d18.jpg,train
mz_183.084-14d9.jpg,train
mz_188.068-14d12.jpg,train
mz_113.438-14d6.jpg,train
mz_276.979-14d9.jpg,train
mz_124.985-14d15.jpg,train
mz_113.377-14d6.jpg,train
mz_262.94-14d6.jpg,train
mz_166.007-14d9.jpg,train
mz_232.067-14d12.jpg,train
mz_405.028-14d18.jpg,train
mz_166.979-14d9.jpg,train
mz_297.034-14d18.jpg,train
mz_261.056-14d18.jpg,train
mz_161.024-14d6.jpg,train
mz_211.04-14d6.jpg,train
mz_203.018-14d9.jpg,train
mz_202.957-14d6.jpg,train
mz_126.991-14d6.jpg,train
mz_172.935-14d15.jpg,train
mz_223.012-14d12.jpg,train
mz_248.902-14d12.jpg,train
mz_135.985-14d18.jpg,train
mz_189.04-14d18.jpg,train
mz_119.333-14d15.jpg,train
mz_283.117-14d15.jpg,train
mz_128.996-14d18.jpg,train
mz_328.94-14d15.jpg,train
mz_298.006-14d18.jpg,train
mz_95.936-14d15.jpg,train
mz_275.034-14d9.jpg,train
mz_149.963-14d12.jpg,train
mz_159.018-14d9.jpg,train
mz_607.159-14d12.jpg,train
mz_255.161-14d6.jpg,train
mz_157.013-14d6.jpg,train
mz_159.99-14d12.jpg,train
mz_137.018-14d12.jpg,validation
mz_295.15-14d15.jpg,validation
mz_295.15-14d18.jpg,validation
mz_267.012-14d18.jpg,validation
mz_122.007-14d6.jpg,validation
mz_127.052-14d9.jpg,validation
mz_231.034-14d12.jpg,validation
mz_120.002-14d6.jpg,validation
mz_279.106-14d15.jpg,validation
mz_162.968-14d12.jpg,validation
mz_120.974-14d6.jpg,validation
mz_171.112-14d15.jpg,validation
mz_165.035-14d12.jpg,validation
mz_162.968-14d6.jpg,validation
mz_102.985-14d9.jpg,validation
mz_279.106-14d12.jpg,validation
mz_255.161-14d9.jpg,validation
mz_103.289-14d12.jpg,validation
mz_155.068-14d9.jpg,validation
mz_188.979-14d6.jpg,validation
mz_103.046-14d18.jpg,validation
mz_261.968-14d6.jpg,validation
mz_204.963-14d6.jpg,validation
mz_227.023-14d12.jpg,validation
mz_254.979-14d9.jpg,validation
mz_137.018-14d15.jpg,validation
mz_311.133-14d9.jpg,validation
mz_131.002-14d12.jpg,validation
mz_296.122-14d6.jpg,validation
mz_98.974-14d12.jpg,validation
mz_161.996-14d6.jpg,validation
mz_297.156-14d9.jpg,validation
mz_103.35-14d12.jpg,validation
mz_279.106-14d6.jpg,validation
mz_171.112-14d6.jpg,validation
mz_186.974-14d9.jpg,validation
mz_183.024-14d18.jpg,validation
mz_187.095-14d12.jpg,validation
mz_148.991-14d12.jpg,validation
mz_103.228-14d9.jpg,validation
mz_164.002-14d9.jpg,validation
mz_232.128-14d12.jpg,validation
mz_277.04-14d9.jpg,validation
mz_278.012-14d12.jpg,validation
mz_232.918-14d6.jpg,validation
mz_119.029-14d18.jpg,validation
mz_199.068-14d15.jpg,validation
mz_135.013-14d9.jpg,validation
mz_173.057-14d9.jpg,validation
mz_172.996-14d9.jpg,validation
mz_112.952-14d12.jpg,validation
mz_232.979-14d18.jpg,validation
mz_281.172-14d9.jpg,validation
mz_296.122-14d18.jpg,validation
mz_126.991-14d18.jpg,validation
mz_170.93-14d15.jpg,validation
mz_113.013-14d18.jpg,validation
mz_171.173-14d9.jpg,validation
mz_144.98-14d15.jpg,validation
mz_527-14d15.jpg,validation
mz_313.017-14d9.jpg,validation
mz_167.952-14d6.jpg,validation
mz_281.172-14d18.jpg,validation
mz_146.985-14d15.jpg,validation
mz_113.317-14d12.jpg,validation
mz_326.934-14d6.jpg,validation
mz_279.167-14d18.jpg,validation
mz_248.841-14d15.jpg,validation
mz_262.089-14d18.jpg,validation
mz_172.996-14d6.jpg,validation
mz_112.952-14d15.jpg,validation
mz_159.018-14d12.jpg,validation
mz_231.946-14d6.jpg,validation
mz_527.06-14d9.jpg,validation
mz_196.941-14d6.jpg,validation
mz_115.018-14d15.jpg,validation
mz_280.139-14d9.jpg,validation
mz_261.056-14d9.jpg,validation
mz_232.067-14d6.jpg,validation
mz_119.029-14d15.jpg,validation
mz_227.023-14d9.jpg,validation
mz_150.996-14d12.jpg,validation
mz_84.024-14d9.jpg,validation
mz_84.996-14d6.jpg,validation
mz_113.499-14d12.jpg,validation
mz_113.621-14d15.jpg,validation
mz_121.096-14d12.jpg,validation
mz_606.126-14d12.jpg,validation
mz_113.438-14d15.jpg,validation
mz_225.079-14d9.jpg,validation
mz_168.985-14d6.jpg,validation
mz_247.078-14d9.jpg,validation
mz_112.952-14d6.jpg,validation
mz_283.178-14d12.jpg,validation
mz_136.958-14d15.jpg,validation
mz_721.231-14d12.jpg,validation
mz_279.228-14d9.jpg,validation
mz_103.228-14d6.jpg,validation
mz_294.056-14d12.jpg,validation
mz_295.15-14d9.jpg,validation
mz_211.04-14d15.jpg,validation
mz_256.134-14d6.jpg,validation
mz_199.007-14d18.jpg,validation
mz_174.029-14d18.jpg,validation
mz_197.001-14d15.jpg,validation
mz_143.035-14d15.jpg,validation
mz_124.985-14d18.jpg,validation
mz_284.029-14d6.jpg,validation
mz_164.974-14d6.jpg,validation
mz_255.222-14d18.jpg,validation
mz_122.007-14d9.jpg,validation
mz_209.035-14d6.jpg,validation
mz_103.228-14d15.jpg,validation
mz_278.984-14d12.jpg,validation
mz_238.996-14d6.jpg,validation
mz_194.996-14d15.jpg,validation
mz_279.957-14d15.jpg,validation
mz_740.07-14d12.jpg,validation
mz_295.211-14d15.jpg,validation
mz_289.012-14d18.jpg,validation
mz_113.134-14d15.jpg,validation
mz_276.007-14d12.jpg,validation
mz_248.051-14d9.jpg,validation
mz_103.046-14d12.jpg,validation
mz_223.012-14d9.jpg,validation
mz_276.007-14d18.jpg,validation
mz_248.902-14d9.jpg,validation
mz_177.007-14d18.jpg,validation
mz_175.001-14d12.jpg,validation
mz_102.985-14d6.jpg,validation
mz_188.979-14d12.jpg,validation
mz_183.084-14d18.jpg,validation
mz_141.029-14d15.jpg,validation
mz_202.957-14d15.jpg,validation
mz_113.074-14d6.jpg,validation
mz_259.051-14d9.jpg,validation
mz_263.062-14d15.jpg,validation
mz_263.973-14d15.jpg,validation
mz_739.159-14d18.jpg,validation
mz_279.045-14d18.jpg,validation
mz_203.929-14d15.jpg,validation
mz_146.985-14d9.jpg,validation
mz_262.94-14d15.jpg,validation
mz_113.134-14d12.jpg,validation
mz_190.985-14d18.jpg,validation
mz_154.946-14d15.jpg,validation
mz_113.195-14d15.jpg,validation
mz_282.995-14d18.jpg,validation
mz_147.046-14d12.jpg,validation
mz_155.068-14d18.jpg,validation
mz_113.317-14d18.jpg,test
mz_223.012-14d18.jpg,test
mz_397.006-14d9.jpg,test
mz_315.023-14d18.jpg,test
mz_236.99-14d18.jpg,test
mz_163.029-14d12.jpg,test
mz_114.958-14d12.jpg,test
mz_248.841-14d12.jpg,test
mz_124.985-14d6.jpg,test
mz_126.991-14d15.jpg,test
mz_82.991-14d15.jpg,test
mz_214.99-14d6.jpg,test
mz_178.952-14d15.jpg,test
mz_172.084-14d12.jpg,test
mz_125.046-14d9.jpg,test
mz_291.017-14d12.jpg,test
mz_205.023-14d18.jpg,test
mz_196.941-14d18.jpg,test
mz_150.996-14d18.jpg,test
mz_256.134-14d15.jpg,test
mz_255.222-14d6.jpg,test
mz_260.995-14d12.jpg,test
mz_220.946-14d15.jpg,test
mz_558.966-14d6.jpg,test
mz_99.035-14d18.jpg,test
mz_174.941-14d15.jpg,test
mz_175.001-14d9.jpg,test
mz_258.018-14d6.jpg,test
mz_103.168-14d9.jpg,test
mz_161.084-14d9.jpg,test
mz_131.002-14d9.jpg,test
mz_121.035-14d9.jpg,test
mz_165.035-14d6.jpg,test
mz_133.068-14d9.jpg,test
mz_159.99-14d6.jpg,test
mz_121.46-14d15.jpg,test
mz_125.046-14d6.jpg,test
mz_113.924-14d15.jpg,test
mz_100.98-14d12.jpg,test
mz_141.029-14d12.jpg,test
mz_100.98-14d18.jpg,test
mz_262.089-14d9.jpg,test
mz_133.98-14d12.jpg,test
mz_293.995-14d18.jpg,test
mz_225.018-14d9.jpg,test
mz_170.99-14d18.jpg,test
mz_326.995-14d18.jpg,test
mz_175.974-14d18.jpg,test
mz_173.118-14d9.jpg,test
mz_280.017-14d9.jpg,test
mz_175.974-14d15.jpg,test
mz_214.99-14d9.jpg,test
mz_290.957-14d6.jpg,test
mz_142.974-14d15.jpg,test
mz_141.029-14d18.jpg,test
mz_247.018-14d12.jpg,test
mz_148.018-14d18.jpg,test
mz_183.024-14d12.jpg,test
mz_248.962-14d18.jpg,test
mz_397.006-14d18.jpg,test
mz_256.194-14d9.jpg,test
mz_173.118-14d18.jpg,test
mz_259.051-14d18.jpg,test
mz_261.968-14d15.jpg,test
mz_159.018-14d6.jpg,test
mz_209.035-14d12.jpg,test
mz_293.084-14d12.jpg,test
mz_293.144-14d15.jpg,test
mz_171.416-14d6.jpg,test
mz_121.035-14d12.jpg,test
mz_114.958-14d9.jpg,test
mz_187.946-14d6.jpg,test
mz_103.168-14d12.jpg,test
mz_263.001-14d18.jpg,test
mz_144.98-14d6.jpg,test
mz_155.068-14d12.jpg,test
mz_232.007-14d12.jpg,test
mz_126.93-14d12.jpg,test
mz_113.134-14d9.jpg,test
mz_222.952-14d6.jpg,test
mz_294.968-14d18.jpg,test
mz_174.941-14d6.jpg,test
mz_103.168-14d6.jpg,test
mz_142.974-14d6.jpg,test
mz_249.084-14d9.jpg,test
mz_180.957-14d12.jpg,test
mz_188.007-14d6.jpg,test
mz_738.976-14d15.jpg,test
mz_161.996-14d9.jpg,test
mz_114.958-14d6.jpg,test
mz_233.101-14d9.jpg,test
mz_187.095-14d15.jpg,test
mz_215.051-14d12.jpg,test
mz_263.001-14d12.jpg,test
mz_164.974-14d12.jpg,test
mz_232.979-14d15.jpg,test
mz_103.411-14d12.jpg,test
mz_256.985-14d18.jpg,test
mz_160.963-14d6.jpg,test
mz_171.173-14d12.jpg,test
mz_193.051-14d9.jpg,test
mz_171.234-14d9.jpg,test
mz_256.194-14d18.jpg,test
mz_823.269-14d18.jpg,test
mz_295.15-14d12.jpg,test
mz_199.007-14d15.jpg,test
mz_158.046-14d12.jpg,test
mz_297.034-14d9.jpg,test
mz_162.968-14d15.jpg,test
mz_119.029-14d12.jpg,test
mz_295.15-14d6.jpg,test
mz_103.228-14d12.jpg,test
mz_187.095-14d9.jpg,test
mz_172.996-14d15.jpg,test
mz_213.046-14d12.jpg,test
mz_103.472-14d12.jpg,test
mz_263.973-14d6.jpg,test
mz_114.107-14d15.jpg,test
mz_187.156-14d12.jpg,test
mz_823.086-14d15.jpg,test
mz_238.996-14d12.jpg,test
mz_294.117-14d9.jpg,test
mz_137.018-14d9.jpg,test
mz_214.99-14d18.jpg,test
mz_169.046-14d12.jpg,test
mz_175.974-14d9.jpg,test
mz_158.957-14d15.jpg,test
mz_169.046-14d9.jpg,test
mz_103.107-14d9.jpg,test
mz_192.99-14d18.jpg,test
mz_121.035-14d6.jpg,test
mz_204.963-14d18.jpg,test
mz_281.111-14d6.jpg,test
mz_161.935-14d15.jpg,test
mz_171.051-14d9.jpg,test
mz_801.269-14d6.jpg,test
mz_126.991-14d12.jpg,test
mz_267.012-14d9.jpg,test
mz_164.002-14d18.jpg,test
mz_188.068-14d9.jpg,test
mz_95.936-14d6.jpg,test
mz_298.979-14d15.jpg,test
mz_146.985-14d6.jpg,test
mz_113.985-14d18.jpg,test
mz_250.968-14d12.jpg,test
mz_112.952-14d18.jpg,test
mz_293.084-14d15.jpg,test
mz_180.957-14d6.jpg,test
mz_246.957-14d15.jpg,test
mz_199.068-14d18.jpg,test
